Timestamp,CONSENT SURVEY:,Name of Your Company:,What age group do you belong to?,What is your sex?,What is your highest education attainment?,What region are you from?,Are you part of Management or Staff?,01) My job offers me the opportunity to develop myself.,02) My immediate supervisor is supportive of my efforts.,03) My relationship with my supervisor is a harmonious one.,04) My immediate supervisor has ideas that are helpful to me and my group-work.,"05) This organization is willing to improve, given the chance.",06) I am personally in agreement with the stated goals of my work unit.,07) The leadership of this organization will help it progress.,08) The company has a strong inter-departmental collaboration culture.,09) Evidence of a prior TQM initiative exists and a clear success picture is observable.,10) I have the information that I need to do a good job.,11) This organization is introducing enough new policies and procedures.,12) I understand the purpose of this organization.,13) Orientation given to newly-hired employees include quality training and monitoring.,14) This organization's leadership efforts result in the Company's fulfilment of its purpose.,"15) My relationship with members of my work group are friendly, as well as, professional.",16) We have quality teams (i.e. quality improvement teams) with activities for continuous improvement.,17) I am sure the quality teams are adding value to our clients' satisfaction.,18) The organization has adequate mechanisms for binding itself together for continuous improvement.,19) This organization supports change.,20) The priorities of this organization are understood by its employees.,21) There is willingness by management to critically examine the existing organizational system.,22) It is clear to me why my boss tries to guide my work efforts.,23) I have established the relationship that I need to be able to do my job properly.,"24) A ""TQM Success Roadmap"" exists in the company.",25) Other work units are helpful to my work unit whenever assistance is requested.,"26) The company’s supply base, customer base or the social systems upon which it depends are fairly diversified",27) The company's Business Continuity Plan clearly identifies contingency measures to deploy in case its operations experience worst case scenario(s),"28) Clients now ask for evidence (i.e. certification, awards) of our quality management system.",29) I understand my boss’ efforts to help me and co-workers improve.,30) The company's business structure is modular allowing rapid rewiring especially during crisis.,31) There are clear and concrete measures for TQM success in the company.,32) This organization’s planning and control efforts are helpful in its growth and development.,33) This organization has the ability to change.,34) The Company executives provide the leadership necessary for change.,35) Management communicates quality directions extensively throughout the organization by actions as well as words.,36) The company recognizes the need for backups even at the expense of short-term efficiency.,37) There is a written business strategy that includes vision and/or mission statements.,"38) The company's ""Quality Policy"" articulates the commitment to excellence and the importance of customer satisfaction.",39) The business strategy statement is widely communicated company-wide.,40) General assembly meetings are conducted at least twice a year wherein the results of the strategic planning is shared.,41) The business strategy is clearly defined to provide adequate direction for all areas of business.,42. The strategic planning process addresses internal factors (conditions the company can control) that significantly affect the business.,"43) The company continuously measures its products, services and practices in comparison with its toughest competitors within and outside the industry.","44) Information about competitors is used to identify ""best practices"" and establish performance benchmarks.",45) The benchmarking process is used throughout the organization to identify operational improvements and to establish effective goals and objectives.,"46) Benchmarks are periodically reviewed and re-calibrated to ensure that latest developments in ""best practices"" and performance achievements are recognized.",47) The company's strategies encourage the in-house development of important competencies and technologies.,48) The strategy statements are used by management as means of developing the business plan.,49) The strategic planning process addressed external factors (conditions that the company cannot control) that signficantly affect the business.,50) The company shared with all its employees its mission and vision.,01) My job offers me the opportunity to develop myself.,02) My immediate supervisor is supportive of my efforts.,03) My relationship with my supervisor is a harmonious one.,04) My immediate supervisor has ideas that are helpful to me and my group-work.,"05) This organization is willing to improve, given the chance.",06) I am personally in agreement with the stated goals of my work unit.,07) The leadership of this organization will help it progress.,08) The company has a strong inter-departmental collaboration culture.,09) Evidence of a prior TQM initiative exists and a clear success picture is observable.,10) I have the information that I need to do a good job.,11) This organization is introducing enough new policies and procedures.,12) I understand the purpose of this organization.,13) Orientation given to newly-hired employees include quality training and monitoring.,14) This organization's leadership efforts result in the Company's fulfilment of its purpose.,"15) My relationship with members of my work group are friendly, as well as, professional.",16) We have quality teams (i.e. quality improvement teams) with activities for continuous improvement.,17) I am sure the quality teams are adding value to our clients' satisfaction.,18) The organization has adequate mechanisms for binding itself together for continuous improvement.,19) This organization supports change.,20) The priorities of this organization are understood by its employees.,21) There is willingness by management to critically examine the existing organizational system.,22) It is clear to me why my boss tries to guide my work efforts.,23) I have established the relationship that I need to be able to do my job properly.,"24) A ""TQM Success Roadmap"" exists in the company.",25) Other work units are helpful to my work unit whenever assistance is requested.,"26) The company’s supply base, customer base or the social systems upon which it depends are fairly diversified",27) The company's Business Continuity Plan clearly identifies contingency measures to deploy in case its operations experience worst case scenario(s),"28) Clients now ask for evidence (i.e. certification, awards) of our quality management system.",29) I understand my boss’ efforts to help me and co-workers improve.,30) The company's business structure is modular allowing rapid rewiring especially during crisis.,31) There are clear and concrete measures for TQM success in the company.,32) This organization’s planning and control efforts are helpful in its growth and development.,33) This organization has the ability to change.,34) The Company executives provide the leadership necessary for change.,35) Management communicates quality directions extensively throughout the organization by actions as well as words.,36) The company recognizes the need for backups even at the expense of short-term efficiency.,37) There is a written business strategy that includes vision and/or mission statements.,"38) The company's ""Quality Policy"" articulates the commitment to excellence and the importance of customer satisfaction.",39) The business strategy statement is widely communicated company-wide.,40) General assembly meetings are conducted at least twice a year wherein the results of the strategic planning is shared.
5/24/2022 14:08:25,AGREE,Agri-Component Machineries and Construction Corporation (AMCC),41 to 50 years old,Male,College Graduate,Region IX: Zamboanga Peninsula,Management,7,6,7,6,7,6,7,7,7,7,6,7,6,7,7,7,6,7,6,7,6,5,6,6,7,7,6,7,6,6,6,7,6,7,6,7,6,7,6,7,6,7,6,7,6,7,6,5,6,6,,,,,,,,,,,,,,,,,,,,,,,,,,,,,,,,,,,,,,,,
06/03/2022 16:53,AGREE,Diamond Noodles Factory,21 to 30 years old,Male,College Graduate,Region IX: Zamboanga Peninsula,Management,7,7,7,7,7,7,7,7,7,7,7,7,7,7,7,7,7,7,7,7,7,7,7,7,7,7,7,1,7,7,7,7,7,7,7,7,7,7,7,7,7,7,7,7,7,3,3,3,3,6,,,,,,,,,,,,,,,,,,,,,,,,,,,,,,,,,,,,,,,,
6/24/2022 10:11:00,AGREE,Agri-Component Machineries and Construction Corporation (AMCC),50 to 60 years old,Male,College Graduate,Region II: Cagayan Valley,Management,7,7,7,7,7,7,7,7,7,7,7,7,7,7,7,7,7,7,7,7,7,7,7,7,7,7,7,7,7,7,7,7,7,7,7,7,7,7,7,5,7,7,7,6,6,6,6,7,6,7,,,,,,,,,,,,,,,,,,,,,,,,,,,,,,,,,,,,,,,,
6/25/2022 13:17:55,AGREE,SLERS Industries Inc.,41 to 50 years old,Female,College Graduate,Region X: Northern Mindanao,Management,7,7,7,7,7,7,7,5,6,7,6,7,5,7,7,5,6,5,7,5,7,7,7,7,7,5,5,6,7,5,6,6,7,6,6,6,7,7,5,5,5,5,5,5,5,5,5,5,5,7,,,,,,,,,,,,,,,,,,,,,,,,,,,,,,,,,,,,,,,,
6/25/2022 13:31:01,AGREE,SLERS Industries Inc.,21 to 30 years old,Female,College Level,Region X: Northern Mindanao,Staff,,,,,,,,,,,,,,,,,,,,,,,,,,,,,,,,,,,,,,,,,,,,,,,,,,,6,7,7,7,7,7,7,7,4,6,7,7,7,7,7,7,7,6,6,6,6,7,7,5,6,5,5,5,7,6,6,6,5,6,6,6,7,7,6,7
6/27/2022 12:51:40,AGREE,SLERS Industries Inc.,31 to 40 years old,Female,College Graduate,Region X: Northern Mindanao,Staff,,,,,,,,,,,,,,,,,,,,,,,,,,,,,,,,,,,,,,,,,,,,,,,,,,,5,5,5,4,5,5,5,5,6,5,5,6,5,5,6,5,5,5,6,6,5,6,5,5,6,6,5,3,5,4,4,5,6,6,4,5,5,5,4,5
6/27/2022 15:59:42,AGREE,SLERS Industries Inc.,21 to 30 years old,Female,College Graduate,Region X: Northern Mindanao,Staff,,,,,,,,,,,,,,,,,,,,,,,,,,,,,,,,,,,,,,,,,,,,,,,,,,,7,7,7,7,7,6,6,6,6,6,6,7,7,6,6,6,7,7,6,6,6,6,6,6,6,7,5,6,6,5,6,6,6,6,7,6,6,7,6,6
6/29/2022 12:12:39,AGREE,VFM Food Products,50 to 60 years old,Female,College Graduate,Cordillera Administrative Region (CAR),Management,7,7,7,7,7,7,7,6,6,7,5,7,4,6,7,4,5,4,6,4,7,7,5,5,5,5,5,4,6,4,5,5,5,5,5,5,4,6,6,3,5,4,6,6,5,4,5,7,5,5,,,,,,,,,,,,,,,,,,,,,,,,,,,,,,,,,,,,,,,,
6/29/2022 12:56:20,AGREE,VFM Food Products,20 years old and Below,Male,College Level,Cordillera Administrative Region (CAR),Staff,,,,,,,,,,,,,,,,,,,,,,,,,,,,,,,,,,,,,,,,,,,,,,,,,,,7,7,7,7,7,7,7,7,6,7,6,7,6,7,7,7,7,7,7,7,7,7,7,7,7,7,7,7,7,7,7,7,7,7,7,7,7,7,7,7
6/29/2022 15:53:19,AGREE,Rejanos Bakery,21 to 30 years old,Male,College Graduate,Region IV-B: (Mimaropa) Southwestern Tagalog Region,Staff,,,,,,,,,,,,,,,,,,,,,,,,,,,,,,,,,,,,,,,,,,,,,,,,,,,4,4,4,5,3,3,4,4,4,4,4,7,3,4,4,4,4,4,6,4,6,7,5,6,6,5,5,5,7,4,5,5,5,6,6,5,7,7,7,6
6/29/2022 20:42:13,AGREE,VFM Food Products,21 to 30 years old,Male,College Level,Cordillera Administrative Region (CAR),Staff,,,,,,,,,,,,,,,,,,,,,,,,,,,,,,,,,,,,,,,,,,,,,,,,,,,7,7,7,7,7,7,7,6,6,7,6,7,7,6,7,7,7,7,6,7,6,7,7,6,7,7,6,5,7,6,6,6,6,6,7,7,5,7,7,7
6/29/2022 21:26:11,AGREE,VFM Food Products,60 years old and above,Male,College Level,Cordillera Administrative Region (CAR),Management,7,7,6,7,7,6,7,6,6,7,7,6,7,6,7,7,7,7,7,7,6,7,6,6,6,6,6,5,6,6,7,6,6,5,5,6,7,7,7,7,5,5,7,6,5,5,5,5,5,5,,,,,,,,,,,,,,,,,,,,,,,,,,,,,,,,,,,,,,,,
07/01/2022 8:50,AGREE,VFM Food Products,31 to 40 years old,Female,College Level,Cordillera Administrative Region (CAR),Staff,,,,,,,,,,,,,,,,,,,,,,,,,,,,,,,,,,,,,,,,,,,,,,,,,,,6,7,5,6,7,6,7,6,6,6,6,6,6,6,7,6,6,7,6,6,6,7,7,6,6,6,6,6,7,7,7,7,6,6,6,6,6,6,6,6
07/07/2022 13:37,AGREE,Rejanos Bakery,50 to 60 years old,Female,College Graduate,Region IV-B: (Mimaropa) Southwestern Tagalog Region,Staff,,,,,,,,,,,,,,,,,,,,,,,,,,,,,,,,,,,,,,,,,,,,,,,,,,,5,4,4,5,6,6,7,6,4,5,5,6,6,6,5,6,6,7,6,7,6,6,6,4,5,4,6,4,6,4,5,5,6,6,6,4,2,6,5,4
07/07/2022 13:37,AGREE,Rejanos Bakery,31 to 40 years old,Female,College Level,Region IV-B: (Mimaropa) Southwestern Tagalog Region,Staff,,,,,,,,,,,,,,,,,,,,,,,,,,,,,,,,,,,,,,,,,,,,,,,,,,,6,6,6,6,6,6,7,6,4,6,6,6,6,7,6,7,7,6,7,7,7,7,6,4,6,4,6,4,7,4,6,4,7,7,7,4,2,6,5,4
07/07/2022 13:37,AGREE,Rejanos Bakery,21 to 30 years old,Female,High School Graduate,Region IV-B: (Mimaropa) Southwestern Tagalog Region,Staff,,,,,,,,,,,,,,,,,,,,,,,,,,,,,,,,,,,,,,,,,,,,,,,,,,,5,4,4,4,6,6,7,5,4,7,7,6,7,6,5,6,7,5,6,7,7,6,5,6,4,4,7,4,7,4,5,5,7,6,6,4,2,6,5,4
07/07/2022 13:37,AGREE,Rejanos Bakery,21 to 30 years old,Male,College Level,Region IV-B: (Mimaropa) Southwestern Tagalog Region,Staff,,,,,,,,,,,,,,,,,,,,,,,,,,,,,,,,,,,,,,,,,,,,,,,,,,,5,3,3,3,7,5,4,6,4,4,4,5,3,5,4,3,4,5,4,4,4,4,4,4,4,4,5,4,4,5,5,6,5,4,5,4,2,5,5,6
07/07/2022 13:42,AGREE,Rejanos Bakery,41 to 50 years old,Female,College Level,Region IV-B: (Mimaropa) Southwestern Tagalog Region,Management,4,6,4,5,6,6,7,5,5,6,7,7,5,7,4,6,6,6,7,7,6,7,5,6,5,4,7,4,7,4,5,6,7,7,7,5,2,6,5,7,6,6,6,5,6,6,7,7,7,7,,,,,,,,,,,,,,,,,,,,,,,,,,,,,,,,,,,,,,,,
07/07/2022 14:33,AGREE,Rejanos Bakery,20 years old and Below,Male,High School Graduate,Region IV-B: (Mimaropa) Southwestern Tagalog Region,Staff,,,,,,,,,,,,,,,,,,,,,,,,,,,,,,,,,,,,,,,,,,,,,,,,,,,6,6,6,5,6,6,5,6,6,5,6,6,6,6,6,5,6,4,5,5,6,6,6,6,6,4,4,5,6,4,5,6,6,6,6,6,5,6,6,6
07/07/2022 14:34,AGREE,Rejanos Bakery,50 to 60 years old,Male,Elementary,Region IV-B: (Mimaropa) Southwestern Tagalog Region,Staff,,,,,,,,,,,,,,,,,,,,,,,,,,,,,,,,,,,,,,,,,,,,,,,,,,,5,7,6,5,5,6,7,5,5,6,5,6,5,6,6,7,6,5,6,5,7,6,5,4,6,4,4,4,6,4,4,4,6,7,6,6,4,4,4,4
07/07/2022 14:34,AGREE,Rejanos Bakery,50 to 60 years old,Female,High School Level,Region IV-B: (Mimaropa) Southwestern Tagalog Region,Staff,,,,,,,,,,,,,,,,,,,,,,,,,,,,,,,,,,,,,,,,,,,,,,,,,,,4,5,4,4,7,7,7,4,5,7,7,7,7,7,4,6,4,6,7,7,7,7,5,4,4,4,4,4,6,4,4,4,7,7,7,7,4,4,4,4
07/07/2022 14:34,AGREE,Rejanos Bakery,41 to 50 years old,Male,High School Level,Region IV-B: (Mimaropa) Southwestern Tagalog Region,Staff,,,,,,,,,,,,,,,,,,,,,,,,,,,,,,,,,,,,,,,,,,,,,,,,,,,5,5,4,4,6,6,7,5,5,6,5,6,6,7,6,6,6,5,6,7,6,6,6,4,6,4,4,4,6,4,4,4,7,7,7,6,4,4,4,4
07/08/2022 12:29,AGREE,Rejanos Bakery,60 years old and above,Female,College Graduate,Region IV-B: (Mimaropa) Southwestern Tagalog Region,Management,6,6,6,6,6,6,6,6,6,6,6,6,6,6,7,6,7,6,6,6,7,6,6,7,6,6,7,6,6,6,6,7,7,7,7,7,7,7,7,6,6,6,6,7,7,6,7,6,7,7,,,,,,,,,,,,,,,,,,,,,,,,,,,,,,,,,,,,,,,,
07/11/2022 10:36,AGREE,MAFFISCO-MPC,21 to 30 years old,Female,College Graduate,Region XIII: Caraga,Staff,,,,,,,,,,,,,,,,,,,,,,,,,,,,,,,,,,,,,,,,,,,,,,,,,,,5,5,5,6,7,6,6,5,6,5,6,7,4,6,5,6,5,5,6,6,6,6,6,6,5,6,4,4,6,5,6,5,7,5,5,5,6,5,5,5
07/11/2022 10:55,AGREE,MAFFISCO-MPC,21 to 30 years old,Male,College Level,Region XIII: Caraga,Staff,,,,,,,,,,,,,,,,,,,,,,,,,,,,,,,,,,,,,,,,,,,,,,,,,,,6,6,6,7,7,6,7,4,6,6,6,6,7,6,7,6,7,6,7,6,6,7,6,7,7,5,5,6,7,6,6,7,6,6,6,5,7,6,7,7
07/11/2022 10:55,AGREE,MAFFISCO-MPC,60 years old and above,Female,College Graduate,Region XIII: Caraga,Management,7,7,7,7,7,7,7,7,7,7,7,7,7,7,7,6,7,7,7,7,7,7,7,7,7,7,5,5,7,5,7,7,7,7,7,7,7,6,7,7,7,7,7,7,6,7,7,7,7,7,,,,,,,,,,,,,,,,,,,,,,,,,,,,,,,,,,,,,,,,
07/11/2022 10:59,AGREE,MAFFISCO-MPC,50 to 60 years old,Male,College Level,Region XIII: Caraga,Management,7,6,7,7,6,6,7,5,5,5,6,7,6,6,7,5,6,6,7,7,5,6,6,5,5,5,5,5,6,5,6,6,6,6,6,5,6,7,7,7,7,5,5,6,6,5,6,6,4,7,,,,,,,,,,,,,,,,,,,,,,,,,,,,,,,,,,,,,,,,
07/11/2022 11:02,AGREE,MAFFISCO-MPC,31 to 40 years old,Female,College Graduate,Region XIII: Caraga,Staff,,,,,,,,,,,,,,,,,,,,,,,,,,,,,,,,,,,,,,,,,,,,,,,,,,,7,6,6,5,5,6,5,5,4,5,5,6,5,5,5,4,5,5,5,4,5,6,5,5,5,5,5,5,6,6,5,5,6,6,6,5,6,5,5,5
07/11/2022 11:45,AGREE,MAFFISCO-MPC,31 to 40 years old,Female,College Level,Region XIII: Caraga,Staff,,,,,,,,,,,,,,,,,,,,,,,,,,,,,,,,,,,,,,,,,,,,,,,,,,,7,7,7,7,7,7,7,7,5,6,7,7,5,6,7,7,7,5,6,6,6,7,6,7,6,5,7,7,7,6,7,7,7,7,6,6,7,7,6,4
07/11/2022 11:50,AGREE,MAFFISCO-MPC,41 to 50 years old,Male,College Graduate,Region VII: Central Visayas,Management,5,4,5,5,5,5,5,4,4,5,5,6,5,5,5,5,5,5,5,5,5,5,5,4,5,5,5,5,5,5,5,5,5,5,5,5,5,5,5,5,5,5,5,5,5,5,5,5,5,5,,,,,,,,,,,,,,,,,,,,,,,,,,,,,,,,,,,,,,,,
07/11/2022 12:00,AGREE,MAFFISCO-MPC,31 to 40 years old,Female,College Graduate,Region XIII: Caraga,Management,7,6,6,6,6,6,6,6,6,6,6,6,6,6,6,6,6,6,6,6,6,6,6,4,6,6,6,6,6,6,6,6,6,6,6,6,6,6,6,6,6,6,6,6,6,6,6,6,6,7,,,,,,,,,,,,,,,,,,,,,,,,,,,,,,,,,,,,,,,,
07/11/2022 12:10,AGREE,MAFFISCO-MPC,41 to 50 years old,Male,High School Graduate,Region XIII: Caraga,Staff,,,,,,,,,,,,,,,,,,,,,,,,,,,,,,,,,,,,,,,,,,,,,,,,,,,5,5,5,6,7,5,7,7,7,7,7,7,5,7,7,7,6,7,7,7,6,7,6,6,6,6,6,5,7,6,6,6,6,6,6,6,6,6,6,5
07/11/2022 12:11,AGREE,MAFFISCO-MPC,31 to 40 years old,Male,College Graduate,Region XIII: Caraga,Staff,,,,,,,,,,,,,,,,,,,,,,,,,,,,,,,,,,,,,,,,,,,,,,,,,,,5,4,4,4,5,5,5,4,4,5,5,5,4,5,5,5,5,5,5,5,5,5,6,4,4,4,4,4,4,4,7,7,5,5,5,4,5,4,5,7
07/11/2022 14:03,AGREE,MAFFISCO-MPC,31 to 40 years old,Male,College Graduate,Region XIII: Caraga,Staff,,,,,,,,,,,,,,,,,,,,,,,,,,,,,,,,,,,,,,,,,,,,,,,,,,,7,7,7,7,7,7,7,7,7,6,7,7,7,7,7,6,7,7,7,7,6,7,7,7,6,6,6,7,7,7,7,7,7,7,7,7,7,7,7,7
07/11/2022 14:11,AGREE,MAFFISCO-MPC,41 to 50 years old,Male,College Level,Region XIII: Caraga,Management,6,6,6,6,6,6,5,5,5,6,6,6,6,6,7,5,6,6,5,5,5,5,6,6,5,5,5,5,6,5,6,5,5,5,5,5,5,5,5,5,5,5,5,5,5,5,5,5,5,6,,,,,,,,,,,,,,,,,,,,,,,,,,,,,,,,,,,,,,,,
07/11/2022 14:31,AGREE,MAFFISCO-MPC,50 to 60 years old,Male,College Graduate,Region XIII: Caraga,Management,7,7,7,7,7,7,7,6,6,7,7,7,6,6,7,7,7,6,7,7,7,7,7,6,7,6,7,4,7,6,6,6,7,6,7,6,7,7,7,7,6,6,4,5,5,5,5,6,5,7,,,,,,,,,,,,,,,,,,,,,,,,,,,,,,,,,,,,,,,,
07/11/2022 14:43,AGREE,MAFFISCO-MPC,50 to 60 years old,Female,College Graduate,Region XIII: Caraga,Staff,,,,,,,,,,,,,,,,,,,,,,,,,,,,,,,,,,,,,,,,,,,,,,,,,,,5,4,4,4,4,5,4,4,4,5,4,5,4,4,5,3,4,3,4,4,4,4,5,4,4,4,4,4,4,5,5,4,5,5,5,4,5,5,4,5
07/11/2022 15:00,AGREE,MAFFISCO-MPC,21 to 30 years old,Male,College Graduate,Region XIII: Caraga,Staff,,,,,,,,,,,,,,,,,,,,,,,,,,,,,,,,,,,,,,,,,,,,,,,,,,,6,3,3,4,5,5,6,5,5,6,6,6,7,6,6,6,6,6,6,6,6,5,5,6,7,6,6,6,6,6,6,6,7,6,5,6,5,4,6,7
07/11/2022 15:01,AGREE,MAFFISCO-MPC,50 to 60 years old,Male,High School Graduate,Region XIII: Caraga,Staff,,,,,,,,,,,,,,,,,,,,,,,,,,,,,,,,,,,,,,,,,,,,,,,,,,,4,5,4,5,4,4,4,3,5,5,4,4,4,4,4,4,4,4,4,4,4,3,4,3,4,4,4,4,5,3,5,4,4,4,4,3,4,5,4,4
07/11/2022 15:03,AGREE,MAFFISCO-MPC,31 to 40 years old,Male,College Level,Region X: Northern Mindanao,Management,7,7,6,4,7,7,7,7,5,7,7,7,7,7,7,7,4,7,7,6,6,7,7,7,4,6,7,5,7,5,7,7,7,6,5,7,6,7,7,6,7,7,7,6,7,6,6,5,7,7,,,,,,,,,,,,,,,,,,,,,,,,,,,,,,,,,,,,,,,,
07/11/2022 15:10,AGREE,MAFFISCO-MPC,50 to 60 years old,Male,College Graduate,Region XIII: Caraga,Management,7,7,7,7,7,7,7,6,7,7,6,7,7,7,7,7,7,6,7,6,6,7,6,6,7,7,7,7,7,7,7,7,6,7,6,6,7,7,6,6,6,6,7,6,6,6,7,7,7,7,,,,,,,,,,,,,,,,,,,,,,,,,,,,,,,,,,,,,,,,
07/11/2022 16:39,AGREE,MAFFISCO-MPC,21 to 30 years old,Male,High School Graduate,Region XIII: Caraga,Staff,,,,,,,,,,,,,,,,,,,,,,,,,,,,,,,,,,,,,,,,,,,,,,,,,,,6,4,4,5,6,5,6,6,5,6,5,6,5,5,6,6,5,5,6,6,5,5,5,5,5,5,4,5,6,6,6,6,5,5,5,5,5,5,6,6
07/11/2022 16:39,AGREE,MAFFISCO-MPC,31 to 40 years old,Male,College Level,Region XIII: Caraga,Staff,,,,,,,,,,,,,,,,,,,,,,,,,,,,,,,,,,,,,,,,,,,,,,,,,,,6,5,5,6,6,5,6,6,6,6,5,5,6,6,6,5,6,5,6,5,5,5,6,6,6,5,5,5,6,5,6,5,5,6,5,5,5,6,5,6
07/11/2022 16:49,AGREE,MAFFISCO-MPC,31 to 40 years old,Male,High School Graduate,Cordillera Administrative Region (CAR),Management,5,6,4,5,7,4,6,7,5,4,4,4,6,4,4,6,5,6,7,4,4,4,5,4,5,4,5,5,7,5,4,7,5,4,5,6,5,5,6,4,6,5,5,4,6,4,6,7,5,7,,,,,,,,,,,,,,,,,,,,,,,,,,,,,,,,,,,,,,,,
07/11/2022 17:52,AGREE,MAFFISCO-MPC,31 to 40 years old,Male,High School Graduate,Region XIII: Caraga,Staff,,,,,,,,,,,,,,,,,,,,,,,,,,,,,,,,,,,,,,,,,,,,,,,,,,,4,5,3,4,3,4,3,5,4,3,4,3,5,4,3,3,5,4,4,5,4,3,5,4,4,5,5,3,4,5,5,5,5,6,5,4,5,5,4,4
07/12/2022 11:44,AGREE,MAFFISCO-MPC,31 to 40 years old,Male,High School Graduate,Region XIII: Caraga,Staff,,,,,,,,,,,,,,,,,,,,,,,,,,,,,,,,,,,,,,,,,,,,,,,,,,,5,5,5,5,5,6,6,6,5,5,6,6,6,5,6,5,5,5,6,6,5,6,5,6,6,6,5,4,5,6,6,6,7,7,6,6,7,6,6,6
07/12/2022 13:03,AGREE,MAFFISCO-MPC,41 to 50 years old,Male,High School Graduate,Region XIII: Caraga,Staff,,,,,,,,,,,,,,,,,,,,,,,,,,,,,,,,,,,,,,,,,,,,,,,,,,,5,6,5,6,6,6,6,4,5,6,6,6,5,5,7,6,6,6,6,7,6,6,6,6,6,5,5,6,6,6,5,5,7,5,5,5,5,5,6,6
07/12/2022 13:22,AGREE,MAFFISCO-MPC,31 to 40 years old,Male,High School Graduate,Region XIII: Caraga,Staff,,,,,,,,,,,,,,,,,,,,,,,,,,,,,,,,,,,,,,,,,,,,,,,,,,,5,6,6,6,6,5,6,6,5,6,6,6,5,6,6,6,6,5,6,6,6,6,6,5,6,6,5,5,6,6,6,6,7,6,6,7,7,6,7,7
07/12/2022 13:29,AGREE,MAFFISCO-MPC,31 to 40 years old,Male,High School Graduate,Region XIII: Caraga,Staff,,,,,,,,,,,,,,,,,,,,,,,,,,,,,,,,,,,,,,,,,,,,,,,,,,,6,6,6,6,7,6,7,6,6,6,7,6,5,5,7,5,5,5,7,7,6,7,6,5,5,6,5,6,6,6,6,6,6,7,7,7,7,5,5,6
07/12/2022 15:23,AGREE,SLERS Industries Inc.,21 to 30 years old,Female,College Graduate,Region X: Northern Mindanao,Management,6,6,6,6,6,6,7,6,5,5,5,5,1,5,7,5,7,5,6,5,7,6,6,6,7,5,6,7,6,5,6,6,6,6,5,5,6,6,4,4,5,6,6,6,5,5,6,6,6,5,,,,,,,,,,,,,,,,,,,,,,,,,,,,,,,,,,,,,,,,
07/12/2022 15:26,AGREE,SLERS Industries Inc.,41 to 50 years old,Male,College Graduate,Region X: Northern Mindanao,Staff,,,,,,,,,,,,,,,,,,,,,,,,,,,,,,,,,,,,,,,,,,,,,,,,,,,6,7,6,6,6,6,6,7,6,6,7,7,6,7,7,7,7,6,6,6,6,7,6,6,7,6,7,6,7,6,7,7,6,6,6,6,6,6,6,7
07/12/2022 15:29,AGREE,SLERS Industries Inc.,31 to 40 years old,Male,College Graduate,Region X: Northern Mindanao,Management,6,6,7,7,7,7,6,7,7,7,5,7,5,7,7,7,7,7,7,7,7,7,7,7,7,7,7,7,7,7,6,7,7,7,7,7,7,7,7,6,7,7,7,7,6,7,7,7,7,7,,,,,,,,,,,,,,,,,,,,,,,,,,,,,,,,,,,,,,,,
07/12/2022 15:29,AGREE,SLERS Industries Inc.,21 to 30 years old,Female,College Graduate,Region X: Northern Mindanao,Staff,,,,,,,,,,,,,,,,,,,,,,,,,,,,,,,,,,,,,,,,,,,,,,,,,,,6,7,7,6,6,6,6,6,6,6,6,6,5,7,7,7,7,7,6,7,7,7,7,6,7,6,6,6,7,7,6,6,6,6,6,6,6,7,6,6
7/13/2022 7:29:01,AGREE,SLERS Industries Inc.,31 to 40 years old,Female,College Graduate,Region X: Northern Mindanao,Staff,,,,,,,,,,,,,,,,,,,,,,,,,,,,,,,,,,,,,,,,,,,,,,,,,,,3,7,5,6,6,6,6,4,4,6,5,6,3,5,7,5,5,6,7,6,5,6,6,5,5,5,6,4,6,6,6,6,7,7,6,6,6,7,6,4
7/13/2022 9:35:23,AGREE,SLERS Industries Inc.,50 to 60 years old,Male,College Graduate,Region X: Northern Mindanao,Management,5,3,4,4,5,6,4,4,4,4,5,5,2,4,5,3,2,4,5,5,5,5,6,4,4,5,4,6,4,4,4,5,4,4,4,4,4,3,4,3,4,4,3,2,3,3,3,4,4,4,,,,,,,,,,,,,,,,,,,,,,,,,,,,,,,,,,,,,,,,
7/15/2022 9:44:11,AGREE,SLERS Industries Inc.,21 to 30 years old,Female,College Graduate,Region X: Northern Mindanao,Staff,,,,,,,,,,,,,,,,,,,,,,,,,,,,,,,,,,,,,,,,,,,,,,,,,,,5,6,6,6,6,6,6,5,6,6,6,6,4,6,6,5,5,6,5,6,6,6,6,4,6,6,5,5,6,6,4,5,6,5,5,5,6,6,5,6
7/18/2022 10:57:12,AGREE,Diamond Noodles Factory,21 to 30 years old,Female,High School Graduate,Region IX: Zamboanga Peninsula,Staff,,,,,,,,,,,,,,,,,,,,,,,,,,,,,,,,,,,,,,,,,,,,,,,,,,,6,6,6,7,7,5,7,6,6,7,7,7,7,6,5,6,6,7,7,6,6,6,7,6,6,6,6,6,7,6,7,7,7,6,7,6,7,7,7,7
7/18/2022 10:59:28,AGREE,Diamond Noodles Factory,41 to 50 years old,Female,College Graduate,Region IX: Zamboanga Peninsula,Staff,,,,,,,,,,,,,,,,,,,,,,,,,,,,,,,,,,,,,,,,,,,,,,,,,,,7,7,7,6,7,7,7,6,7,5,7,7,7,5,2,4,6,6,7,7,6,7,7,7,5,5,6,5,7,5,7,7,7,7,6,6,7,7,7,7
7/18/2022 11:00:37,AGREE,Diamond Noodles Factory,21 to 30 years old,Female,College Graduate,Region IX: Zamboanga Peninsula,Management,6,5,5,4,6,6,7,6,6,6,6,7,6,7,7,7,7,7,7,7,6,7,6,7,5,7,6,4,7,6,6,7,7,7,6,6,7,7,7,7,7,7,7,7,7,6,6,7,6,7,,,,,,,,,,,,,,,,,,,,,,,,,,,,,,,,,,,,,,,,
7/18/2022 11:02:07,AGREE,Diamond Noodles Factory,20 years old and Below,Male,High School Graduate,Region IX: Zamboanga Peninsula,Staff,,,,,,,,,,,,,,,,,,,,,,,,,,,,,,,,,,,,,,,,,,,,,,,,,,,5,5,7,5,5,5,5,6,6,6,6,5,1,6,6,6,1,1,6,7,6,5,1,7,7,6,7,7,7,1,6,6,7,7,6,7,7,7,7,7
7/18/2022 11:08:22,AGREE,Diamond Noodles Factory,41 to 50 years old,Female,College Graduate,Region IX: Zamboanga Peninsula,Management,7,7,7,7,7,6,7,6,6,7,6,7,6,6,6,7,6,7,6,7,6,7,7,7,7,7,7,7,6,7,7,7,7,6,7,6,7,6,7,6,7,7,7,7,7,7,7,7,7,7,,,,,,,,,,,,,,,,,,,,,,,,,,,,,,,,,,,,,,,,
7/18/2022 11:11:47,AGREE,Diamond Noodles Factory,21 to 30 years old,Female,High School Graduate,Region IX: Zamboanga Peninsula,Management,7,6,6,6,7,7,6,6,6,7,7,7,7,6,6,6,6,6,6,6,6,7,7,6,6,6,6,6,7,6,6,6,6,6,6,6,6,6,6,7,7,6,6,6,6,6,6,6,5,6,,,,,,,,,,,,,,,,,,,,,,,,,,,,,,,,,,,,,,,,
7/18/2022 11:11:48,AGREE,Diamond Noodles Factory,21 to 30 years old,Female,High School Graduate,Region IX: Zamboanga Peninsula,Management,7,6,6,6,7,7,7,6,6,6,6,6,6,6,6,6,6,6,6,6,6,7,6,6,6,6,6,6,7,6,6,6,6,6,6,6,6,6,6,6,6,6,6,6,6,6,6,6,6,6,,,,,,,,,,,,,,,,,,,,,,,,,,,,,,,,,,,,,,,,
7/18/2022 11:16:32,AGREE,Diamond Noodles Factory,21 to 30 years old,Male,Elementary,Region IX: Zamboanga Peninsula,Staff,,,,,,,,,,,,,,,,,,,,,,,,,,,,,,,,,,,,,,,,,,,,,,,,,,,6,5,7,7,6,7,6,6,6,5,6,5,6,5,4,6,7,6,6,6,7,7,5,5,7,7,5,6,7,6,6,7,6,7,7,7,5,6,6,7
7/18/2022 11:43:31,AGREE,Diamond Noodles Factory,21 to 30 years old,Female,College Level,Region IX: Zamboanga Peninsula,Staff,,,,,,,,,,,,,,,,,,,,,,,,,,,,,,,,,,,,,,,,,,,,,,,,,,,6,7,7,7,7,7,7,7,7,7,7,7,7,7,7,7,7,7,7,7,7,7,7,7,7,7,7,6,7,7,7,7,7,7,7,7,7,7,7,7
7/18/2022 11:46:30,AGREE,Diamond Noodles Factory,31 to 40 years old,Female,High School Level,Region IX: Zamboanga Peninsula,Staff,,,,,,,,,,,,,,,,,,,,,,,,,,,,,,,,,,,,,,,,,,,,,,,,,,,6,6,6,6,6,6,6,6,6,6,6,6,6,6,6,6,6,6,6,6,6,6,7,6,6,6,6,6,6,6,7,7,6,6,6,6,5,6,6,6
7/18/2022 11:50:53,AGREE,Diamond Noodles Factory,21 to 30 years old,Female,High School Level,Region VII: Central Visayas,Staff,,,,,,,,,,,,,,,,,,,,,,,,,,,,,,,,,,,,,,,,,,,,,,,,,,,7,7,7,7,7,7,7,7,7,7,7,7,7,7,7,7,7,7,6,7,7,7,7,7,7,6,6,7,7,7,7,6,6,7,7,7,7,7,7,7
7/18/2022 16:11:19,AGREE,Diamond Noodles Factory,21 to 30 years old,Male,College Level,Region IX: Zamboanga Peninsula,Staff,,,,,,,,,,,,,,,,,,,,,,,,,,,,,,,,,,,,,,,,,,,,,,,,,,,6,4,4,5,6,6,5,7,5,6,5,6,6,6,7,6,7,7,4,6,5,6,5,5,5,6,6,6,6,6,5,5,6,6,5,5,7,6,5,7
7/18/2022 16:12:49,AGREE,Diamond Noodles Factory,21 to 30 years old,Male,High School Level,Region IX: Zamboanga Peninsula,Staff,,,,,,,,,,,,,,,,,,,,,,,,,,,,,,,,,,,,,,,,,,,,,,,,,,,7,7,5,7,7,6,7,5,7,7,7,7,7,6,7,7,7,7,7,7,6,7,7,6,7,5,7,4,7,6,7,7,7,7,7,7,7,5,7,7
7/18/2022 16:13:22,AGREE,Diamond Noodles Factory,20 years old and Below,Male,College Level,Region IX: Zamboanga Peninsula,Staff,,,,,,,,,,,,,,,,,,,,,,,,,,,,,,,,,,,,,,,,,,,,,,,,,,,7,7,2,7,7,4,7,7,7,7,7,7,7,7,7,7,7,7,7,7,4,7,7,6,7,6,7,7,7,7,7,7,7,7,7,7,7,7,7,7
7/18/2022 16:13:31,AGREE,Diamond Noodles Factory,21 to 30 years old,Male,High School Level,Region IX: Zamboanga Peninsula,Staff,,,,,,,,,,,,,,,,,,,,,,,,,,,,,,,,,,,,,,,,,,,,,,,,,,,3,5,5,3,6,4,5,6,4,3,6,5,5,6,7,4,5,6,7,6,4,7,6,4,4,6,5,6,7,5,5,6,4,4,7,5,5,6,7,7
7/18/2022 16:24:15,AGREE,Diamond Noodles Factory,21 to 30 years old,Male,High School Graduate,Region IX: Zamboanga Peninsula,Staff,,,,,,,,,,,,,,,,,,,,,,,,,,,,,,,,,,,,,,,,,,,,,,,,,,,6,6,2,6,3,7,6,6,6,6,6,7,6,5,2,7,3,6,2,6,2,2,6,6,6,3,2,6,6,7,3,2,6,2,2,6,3,7,6,7
7/18/2022 16:35:26,AGREE,Diamond Noodles Factory,21 to 30 years old,Male,High School Level,Region IX: Zamboanga Peninsula,Staff,,,,,,,,,,,,,,,,,,,,,,,,,,,,,,,,,,,,,,,,,,,,,,,,,,,5,6,5,7,5,4,7,6,5,7,6,7,7,7,4,7,5,6,7,5,5,2,7,4,5,5,6,3,7,4,5,2,2,2,4,7,4,7,4,2
7/18/2022 16:35:52,AGREE,Diamond Noodles Factory,20 years old and Below,Male,College Level,Region IX: Zamboanga Peninsula,Management,7,7,7,7,5,6,6,6,7,7,6,6,7,7,7,6,6,6,6,7,7,7,7,7,7,6,6,7,7,7,6,7,7,7,6,6,7,6,7,7,7,7,7,7,7,7,7,7,7,7,,,,,,,,,,,,,,,,,,,,,,,,,,,,,,,,,,,,,,,,
7/18/2022 16:36:31,AGREE,Diamond Noodles Factory,20 years old and Below,Male,High School Level,Region IX: Zamboanga Peninsula,Staff,,,,,,,,,,,,,,,,,,,,,,,,,,,,,,,,,,,,,,,,,,,,,,,,,,,5,4,4,3,4,7,6,7,5,4,4,5,5,5,4,5,6,6,5,6,7,5,5,5,6,5,5,6,6,4,5,6,5,6,5,5,6,6,5,7
7/18/2022 16:49:33,AGREE,Diamond Noodles Factory,21 to 30 years old,Male,High School Level,Region IX: Zamboanga Peninsula,Staff,,,,,,,,,,,,,,,,,,,,,,,,,,,,,,,,,,,,,,,,,,,,,,,,,,,3,2,3,3,1,2,1,2,2,1,2,2,1,2,2,3,2,2,1,2,5,6,5,4,5,5,4,6,7,6,5,6,5,6,6,5,6,5,6,7
7/19/2022 10:56:47,AGREE,Wood Tech Builders,21 to 30 years old,Male,College Graduate,Region IX: Zamboanga Peninsula,Staff,,,,,,,,,,,,,,,,,,,,,,,,,,,,,,,,,,,,,,,,,,,,,,,,,,,5,7,7,7,6,6,5,5,5,5,5,6,7,6,6,5,6,5,7,5,5,6,6,4,6,5,5,4,6,4,4,6,6,5,5,6,4,6,4,7
7/19/2022 11:01:37,AGREE,Wood Tech Builders,21 to 30 years old,Female,College Graduate,Region IX: Zamboanga Peninsula,Staff,,,,,,,,,,,,,,,,,,,,,,,,,,,,,,,,,,,,,,,,,,,,,,,,,,,6,6,6,5,6,5,6,7,5,5,6,6,4,6,5,5,6,6,7,6,5,5,6,5,5,6,6,6,6,5,6,6,6,5,5,5,6,6,6,5
7/19/2022 11:09:56,AGREE,Wood Tech Builders,31 to 40 years old,Male,High School Graduate,Region IX: Zamboanga Peninsula,Staff,,,,,,,,,,,,,,,,,,,,,,,,,,,,,,,,,,,,,,,,,,,,,,,,,,,7,7,5,6,4,7,5,6,5,6,5,5,6,7,7,6,6,6,6,5,4,7,7,5,6,6,5,6,7,7,6,6,6,7,5,6,6,6,6,2
7/19/2022 11:24:28,AGREE,Wood Tech Builders,41 to 50 years old,Male,College Graduate,Region IX: Zamboanga Peninsula,Management,7,7,7,7,7,7,7,6,6,7,7,7,7,7,7,6,7,6,7,6,7,6,7,6,6,6,6,6,7,6,7,7,7,7,7,6,6,7,6,7,7,7,7,7,6,6,7,7,7,6,,,,,,,,,,,,,,,,,,,,,,,,,,,,,,,,,,,,,,,,
7/19/2022 11:43:56,AGREE,Wood Tech Builders,21 to 30 years old,Male,Elementary,Region IX: Zamboanga Peninsula,Staff,,,,,,,,,,,,,,,,,,,,,,,,,,,,,,,,,,,,,,,,,,,,,,,,,,,7,5,7,7,7,7,6,4,7,7,7,6,6,7,7,6,7,7,6,7,6,7,7,5,4,7,4,7,7,4,7,6,7,7,7,6,7,7,4,7
7/19/2022 11:43:56,AGREE,Wood Tech Builders,21 to 30 years old,Male,High School Graduate,Region IX: Zamboanga Peninsula,Staff,,,,,,,,,,,,,,,,,,,,,,,,,,,,,,,,,,,,,,,,,,,,,,,,,,,7,7,7,7,7,7,7,7,7,7,7,7,6,7,7,7,7,7,7,7,7,7,7,7,7,7,7,7,7,7,7,7,7,7,7,7,7,7,7,6
7/19/2022 11:43:57,AGREE,Wood Tech Builders,21 to 30 years old,Male,Post-Graduate,Region IX: Zamboanga Peninsula,Staff,,,,,,,,,,,,,,,,,,,,,,,,,,,,,,,,,,,,,,,,,,,,,,,,,,,6,6,6,6,6,6,5,5,5,4,5,6,5,5,6,6,6,5,6,5,6,6,6,5,5,6,4,6,6,4,5,6,6,6,5,6,5,6,3,5
7/19/2022 13:46:40,AGREE,Wood Tech Builders,50 to 60 years old,Male,Elementary,Region IX: Zamboanga Peninsula,Staff,,,,,,,,,,,,,,,,,,,,,,,,,,,,,,,,,,,,,,,,,,,,,,,,,,,6,5,6,6,5,7,6,6,5,7,5,6,7,6,7,6,7,6,6,7,4,6,7,6,7,5,6,6,7,6,5,6,6,6,6,7,6,6,4,1
7/19/2022 13:46:41,AGREE,Wood Tech Builders,31 to 40 years old,Male,Elementary,Region IX: Zamboanga Peninsula,Staff,,,,,,,,,,,,,,,,,,,,,,,,,,,,,,,,,,,,,,,,,,,,,,,,,,,5,6,6,5,6,7,7,7,6,5,7,5,4,6,6,6,6,6,6,6,5,5,6,7,6,6,6,4,6,6,6,6,6,6,5,5,4,6,6,7
7/19/2022 13:47:00,AGREE,Wood Tech Builders,21 to 30 years old,Male,High School Level,Region IX: Zamboanga Peninsula,Staff,,,,,,,,,,,,,,,,,,,,,,,,,,,,,,,,,,,,,,,,,,,,,,,,,,,6,7,7,7,7,6,7,7,6,6,6,6,7,5,7,6,6,6,7,5,7,6,6,6,7,7,6,7,6,7,6,7,7,7,6,7,5,6,5,3
7/19/2022 13:54:45,AGREE,Wood Tech Builders,60 years old and above,Female,Elementary,Region IX: Zamboanga Peninsula,Management,7,7,6,7,5,6,6,6,6,7,6,7,6,7,7,6,7,5,6,4,5,6,7,5,4,7,5,6,7,7,6,5,6,7,6,4,5,6,6,7,7,7,7,6,7,7,7,6,7,7,,,,,,,,,,,,,,,,,,,,,,,,,,,,,,,,,,,,,,,,
7/19/2022 13:54:46,AGREE,Wood Tech Builders,60 years old and above,Male,Elementary,Region IX: Zamboanga Peninsula,Management,7,7,7,7,7,7,7,7,7,7,7,7,7,7,7,7,6,7,7,6,7,7,7,7,7,7,7,7,7,7,7,7,7,7,7,7,5,7,6,6,7,7,7,7,7,7,7,7,6,6,,,,,,,,,,,,,,,,,,,,,,,,,,,,,,,,,,,,,,,,
7/19/2022 14:37:21,AGREE,Wood Tech Builders,41 to 50 years old,Male,High School Graduate,Region IX: Zamboanga Peninsula,Staff,,,,,,,,,,,,,,,,,,,,,,,,,,,,,,,,,,,,,,,,,,,,,,,,,,,4,7,7,6,7,5,6,5,4,6,7,7,4,6,6,6,7,6,7,7,7,6,6,5,4,6,7,6,7,6,7,7,7,7,6,6,6,6,6,6
7/19/2022 14:37:22,AGREE,Wood Tech Builders,31 to 40 years old,Male,High School Graduate,Region IX: Zamboanga Peninsula,Staff,,,,,,,,,,,,,,,,,,,,,,,,,,,,,,,,,,,,,,,,,,,,,,,,,,,3,2,1,5,3,5,3,6,7,1,3,6,6,2,1,5,2,6,3,3,2,1,5,3,2,1,4,3,2,5,3,2,5,2,4,2,7,4,5,1
7/19/2022 14:37:23,AGREE,Wood Tech Builders,60 years old and above,Male,Elementary,Region IX: Zamboanga Peninsula,Staff,,,,,,,,,,,,,,,,,,,,,,,,,,,,,,,,,,,,,,,,,,,,,,,,,,,4,5,5,5,6,6,7,7,7,6,5,6,5,5,5,6,6,4,4,5,6,5,5,6,6,7,6,6,6,6,5,5,7,7,4,6,6,6,3,1
7/19/2022 15:24:07,AGREE,Wood Tech Builders,41 to 50 years old,Male,High School Graduate,Region IX: Zamboanga Peninsula,Management,7,7,6,7,7,7,7,6,6,7,7,7,7,7,7,7,6,7,6,6,6,7,7,6,6,7,6,7,7,7,7,7,5,7,7,6,7,7,7,5,7,7,7,7,7,7,6,7,3,7,,,,,,,,,,,,,,,,,,,,,,,,,,,,,,,,,,,,,,,,
7/19/2022 15:26:46,AGREE,Diamond Noodles Factory,21 to 30 years old,Male,High School Level,Region IX: Zamboanga Peninsula,Staff,,,,,,,,,,,,,,,,,,,,,,,,,,,,,,,,,,,,,,,,,,,,,,,,,,,6,5,5,6,6,6,7,7,5,7,7,6,6,6,6,7,6,6,6,7,6,7,6,7,6,6,5,5,7,6,6,6,6,6,7,6,6,6,6,6
7/19/2022 15:42:12,AGREE,Wood Tech Builders,50 to 60 years old,Male,High School Level,Region IX: Zamboanga Peninsula,Management,6,4,6,7,7,6,7,6,6,6,6,7,7,6,6,5,6,6,5,7,6,7,6,6,7,5,6,7,5,6,5,7,5,6,5,6,6,7,6,6,7,6,6,5,6,5,5,7,6,6,,,,,,,,,,,,,,,,,,,,,,,,,,,,,,,,,,,,,,,,
7/19/2022 15:43:04,AGREE,Wood Tech Builders,60 years old and above,Male,College Level,Region IX: Zamboanga Peninsula,Management,6,6,6,6,7,6,5,6,5,6,6,6,5,5,7,5,7,6,6,4,5,6,6,5,5,5,5,5,6,6,5,5,6,6,5,5,6,5,5,7,7,6,6,7,6,5,6,6,5,7,,,,,,,,,,,,,,,,,,,,,,,,,,,,,,,,,,,,,,,,
7/19/2022 15:50:41,AGREE,Wood Tech Builders,60 years old and above,Male,High School Level,Region IX: Zamboanga Peninsula,Management,5,7,6,6,5,5,6,6,4,6,6,6,5,7,5,6,5,5,7,7,6,4,5,5,4,5,6,6,5,5,7,5,6,7,7,5,5,5,5,5,7,6,7,7,5,6,5,6,6,6,,,,,,,,,,,,,,,,,,,,,,,,,,,,,,,,,,,,,,,,
7/19/2022 15:50:42,AGREE,Wood Tech Builders,60 years old and above,Male,Elementary,Region IX: Zamboanga Peninsula,Management,6,7,7,7,6,7,7,6,6,6,7,6,7,6,6,6,5,6,7,5,6,7,6,7,6,7,7,7,7,7,6,7,7,7,7,6,6,7,7,7,7,7,7,7,6,6,6,7,7,7,,,,,,,,,,,,,,,,,,,,,,,,,,,,,,,,,,,,,,,,
7/19/2022 15:50:48,AGREE,Wood Tech Builders,50 to 60 years old,Male,High School Graduate,Region IX: Zamboanga Peninsula,Management,4,6,6,6,7,6,6,6,6,6,5,6,7,6,6,7,6,6,7,6,7,6,6,5,6,7,7,7,7,7,6,6,6,7,7,6,6,7,7,6,7,7,7,7,6,7,6,6,7,7,,,,,,,,,,,,,,,,,,,,,,,,,,,,,,,,,,,,,,,,
7/19/2022 16:01:53,AGREE,Diamond Noodles Factory,21 to 30 years old,Male,High School Level,Region IX: Zamboanga Peninsula,Staff,,,,,,,,,,,,,,,,,,,,,,,,,,,,,,,,,,,,,,,,,,,,,,,,,,,7,7,6,7,6,7,6,6,6,7,7,7,7,7,7,7,6,6,7,7,6,7,7,6,6,6,6,7,7,7,7,7,7,7,6,6,6,6,6,6
7/20/2022 8:06:41,AGREE,Angel Farmers Gourmet Food Corporation,21 to 30 years old,Female,College Level,Region III: Central Luzon,Staff,,,,,,,,,,,,,,,,,,,,,,,,,,,,,,,,,,,,,,,,,,,,,,,,,,,7,4,5,7,6,6,6,6,6,6,6,7,7,6,7,7,7,7,7,7,7,6,6,6,6,6,6,6,6,7,7,7,7,7,7,7,7,7,7,7
7/20/2022 11:33:22,AGREE,Angel Farmers Gourmet Food Corporation,31 to 40 years old,Female,College Graduate,Region III: Central Luzon,Management,6,7,7,7,7,6,7,7,6,7,7,7,7,6,7,7,7,7,7,7,7,7,7,6,7,6,6,7,7,6,7,7,7,7,7,6,7,7,7,7,7,7,6,6,7,7,7,7,6,7,,,,,,,,,,,,,,,,,,,,,,,,,,,,,,,,,,,,,,,,
7/20/2022 12:08:52,AGREE,Angel Farmers Gourmet Food Corporation,31 to 40 years old,Female,College Graduate,Region III: Central Luzon,Staff,,,,,,,,,,,,,,,,,,,,,,,,,,,,,,,,,,,,,,,,,,,,,,,,,,,7,4,4,4,5,5,6,6,6,6,5,6,6,6,6,6,6,6,6,6,7,7,6,6,6,6,6,6,5,6,6,6,6,6,6,5,6,6,6,6
7/20/2022 17:14:51,AGREE,Angel Farmers Gourmet Food Corporation,31 to 40 years old,Female,College Graduate,Region III: Central Luzon,Management,7,7,7,7,7,7,6,6,6,7,6,6,7,6,6,7,7,7,7,7,6,7,7,7,6,6,7,7,7,6,6,7,6,6,7,6,7,7,6,7,6,6,6,7,7,6,6,6,6,7,,,,,,,,,,,,,,,,,,,,,,,,,,,,,,,,,,,,,,,,
7/21/2022 9:22:51,AGREE,Angel Farmers Gourmet Food Corporation,31 to 40 years old,Male,College Graduate,Region III: Central Luzon,Staff,,,,,,,,,,,,,,,,,,,,,,,,,,,,,,,,,,,,,,,,,,,,,,,,,,,7,7,7,7,7,7,7,7,7,7,7,7,7,7,7,7,7,7,7,7,7,7,7,7,7,7,7,7,7,7,7,7,7,7,7,7,7,7,7,7
7/21/2022 9:28:00,AGREE,Angel Farmers Gourmet Food Corporation,31 to 40 years old,Female,College Graduate,Region III: Central Luzon,Staff,,,,,,,,,,,,,,,,,,,,,,,,,,,,,,,,,,,,,,,,,,,,,,,,,,,6,6,7,6,7,6,7,7,7,7,6,7,7,6,7,7,7,7,7,7,7,7,7,7,7,7,7,6,7,7,7,7,6,7,7,7,7,7,7,7
7/27/2022 9:29:42,AGREE,J. Emmanuel Pastries,21 to 30 years old,Female,College Graduate,Region V: Bicol Region,Management,7,5,6,5,4,5,3,3,3,5,4,4,6,4,3,2,2,2,3,3,5,4,6,4,6,5,3,7,5,3,4,5,6,4,3,7,7,7,5,5,5,5,4,3,3,3,4,5,4,7,,,,,,,,,,,,,,,,,,,,,,,,,,,,,,,,,,,,,,,,
7/27/2022 9:31:35,AGREE,J. Emmanuel Pastries,21 to 30 years old,Female,College Graduate,Region V: Bicol Region,Management,5,4,4,3,4,6,4,5,5,5,5,5,6,4,5,6,5,5,5,6,4,5,5,5,5,5,4,4,4,4,5,5,5,3,3,4,7,7,6,7,4,5,5,3,3,3,4,4,4,7,,,,,,,,,,,,,,,,,,,,,,,,,,,,,,,,,,,,,,,,
7/27/2022 9:35:41,AGREE,J. Emmanuel Pastries,41 to 50 years old,Female,College Graduate,Region V: Bicol Region,Management,7,6,6,6,6,6,6,6,6,6,6,7,7,7,6,6,7,7,7,6,7,6,7,6,7,6,6,6,6,6,6,6,7,7,7,7,7,7,6,7,6,6,7,7,5,5,6,6,6,7,,,,,,,,,,,,,,,,,,,,,,,,,,,,,,,,,,,,,,,,
7/27/2022 21:06:39,AGREE,J. Emmanuel Pastries,50 to 60 years old,Male,College Graduate,Region V: Bicol Region,Management,6,6,6,6,6,6,6,6,6,6,6,6,6,6,6,6,6,6,6,5,6,6,6,5,6,5,5,5,6,5,5,5,5,5,5,5,5,5,5,5,5,5,5,4,5,4,5,5,5,6,,,,,,,,,,,,,,,,,,,,,,,,,,,,,,,,,,,,,,,,
7/28/2022 8:54:56,AGREE,J. Emmanuel Pastries,31 to 40 years old,Female,College Level,Region V: Bicol Region,Staff,,,,,,,,,,,,,,,,,,,,,,,,,,,,,,,,,,,,,,,,,,,,,,,,,,,5,6,5,7,7,7,7,7,6,6,6,7,7,7,7,7,7,7,6,6,6,7,7,7,7,6,7,7,7,6,7,7,7,7,7,7,6,7,7,7
7/28/2022 9:42:54,AGREE,J. Emmanuel Pastries,50 to 60 years old,Female,College Graduate,Region V: Bicol Region,Staff,,,,,,,,,,,,,,,,,,,,,,,,,,,,,,,,,,,,,,,,,,,,,,,,,,,7,5,4,4,6,7,5,6,5,6,6,6,5,6,6,6,6,7,7,6,7,5,7,6,5,5,5,6,6,5,6,5,6,6,6,6,6,6,6,7
7/28/2022 9:44:17,AGREE,J. Emmanuel Pastries,21 to 30 years old,Female,College Level,Region V: Bicol Region,Staff,,,,,,,,,,,,,,,,,,,,,,,,,,,,,,,,,,,,,,,,,,,,,,,,,,,5,4,4,4,5,4,4,5,4,4,5,5,5,5,4,4,5,5,6,5,5,4,4,5,5,3,4,5,3,4,4,4,5,5,4,4,5,6,5,5
7/28/2022 9:45:59,AGREE,J. Emmanuel Pastries,50 to 60 years old,Female,High School Level,Region V: Bicol Region,Staff,,,,,,,,,,,,,,,,,,,,,,,,,,,,,,,,,,,,,,,,,,,,,,,,,,,5,5,5,5,6,6,5,6,6,5,5,6,6,6,6,6,6,5,5,6,6,6,6,6,5,6,5,5,6,6,6,6,6,6,6,6,6,6,5,6
7/28/2022 9:46:17,AGREE,J. Emmanuel Pastries,21 to 30 years old,Male,College Graduate,Region V: Bicol Region,Staff,,,,,,,,,,,,,,,,,,,,,,,,,,,,,,,,,,,,,,,,,,,,,,,,,,,5,5,5,5,5,5,5,5,5,6,5,6,7,5,6,5,5,5,5,5,5,5,5,5,5,5,5,5,5,5,5,5,5,5,5,5,7,6,5,7
7/28/2022 9:46:26,AGREE,J. Emmanuel Pastries,60 years old and above,Female,Elementary,Region V: Bicol Region,Staff,,,,,,,,,,,,,,,,,,,,,,,,,,,,,,,,,,,,,,,,,,,,,,,,,,,7,7,7,7,7,6,6,6,5,6,6,6,7,5,7,6,6,7,7,7,5,7,6,6,7,6,6,6,6,5,6,6,7,6,6,5,7,7,7,7
7/28/2022 9:46:26,AGREE,J. Emmanuel Pastries,21 to 30 years old,Female,High School Graduate,Region V: Bicol Region,Staff,,,,,,,,,,,,,,,,,,,,,,,,,,,,,,,,,,,,,,,,,,,,,,,,,,,6,6,5,5,6,7,4,5,6,6,5,5,7,5,7,6,6,5,5,6,5,6,5,5,6,5,6,6,7,6,6,5,5,6,6,5,5,5,6,7
7/28/2022 10:36:08,AGREE,J. Emmanuel Pastries,41 to 50 years old,Female,Elementary,Region V: Bicol Region,Staff,,,,,,,,,,,,,,,,,,,,,,,,,,,,,,,,,,,,,,,,,,,,,,,,,,,4,4,4,4,5,3,4,5,4,5,4,4,5,5,5,4,4,6,4,6,3,6,4,5,4,3,6,5,4,5,4,5,5,4,4,4,5,6,3,5
7/28/2022 10:36:08,AGREE,J. Emmanuel Pastries,31 to 40 years old,Male,High School Graduate,Region V: Bicol Region,Staff,,,,,,,,,,,,,,,,,,,,,,,,,,,,,,,,,,,,,,,,,,,,,,,,,,,7,6,6,5,7,7,7,6,7,7,7,6,7,5,5,6,7,6,7,6,5,6,7,7,6,6,6,7,7,6,6,7,7,6,6,5,7,7,5,6
7/28/2022 10:36:08,AGREE,J. Emmanuel Pastries,50 to 60 years old,Female,College Graduate,Region V: Bicol Region,Staff,,,,,,,,,,,,,,,,,,,,,,,,,,,,,,,,,,,,,,,,,,,,,,,,,,,5,4,4,3,5,6,6,4,5,6,6,6,6,6,5,6,6,6,6,6,6,4,6,6,6,6,6,6,6,6,6,6,6,6,6,6,6,7,6,7
7/28/2022 10:36:08,AGREE,J. Emmanuel Pastries,31 to 40 years old,Female,High School Level,Region V: Bicol Region,Staff,,,,,,,,,,,,,,,,,,,,,,,,,,,,,,,,,,,,,,,,,,,,,,,,,,,4,3,3,4,5,4,4,5,6,6,4,4,6,4,6,4,4,4,6,5,5,4,5,7,4,4,4,6,4,4,7,4,4,4,4,4,7,4,4,6
7/28/2022 10:36:08,AGREE,J. Emmanuel Pastries,21 to 30 years old,Male,High School Level,Region V: Bicol Region,Staff,,,,,,,,,,,,,,,,,,,,,,,,,,,,,,,,,,,,,,,,,,,,,,,,,,,4,5,5,5,5,5,6,6,6,6,5,6,6,5,6,5,5,6,6,6,5,6,7,6,7,6,5,7,6,5,6,5,7,6,5,5,7,7,6,6
7/28/2022 10:36:11,AGREE,J. Emmanuel Pastries,41 to 50 years old,Female,High School Graduate,Region V: Bicol Region,Staff,,,,,,,,,,,,,,,,,,,,,,,,,,,,,,,,,,,,,,,,,,,,,,,,,,,4,3,4,3,4,4,4,5,6,5,4,4,6,4,5,3,5,5,3,5,6,3,5,6,4,4,1,6,3,2,5,4,5,5,6,4,5,5,4,6
7/28/2022 15:52:31,AGREE,Farmtec Foods Inc.,41 to 50 years old,Male,College Graduate,Region IV-A: Calabarzon,Management,5,5,5,5,5,5,5,5,5,5,5,5,5,5,5,5,5,5,5,5,4,4,5,4,5,5,4,5,4,4,4,4,4,5,5,4,5,5,4,3,4,4,5,5,4,4,4,5,4,5,,,,,,,,,,,,,,,,,,,,,,,,,,,,,,,,,,,,,,,,
7/29/2022 6:38:12,AGREE,J. Emmanuel Pastries,21 to 30 years old,Female,College Level,Region V: Bicol Region,Management,6,6,7,6,6,6,6,6,5,6,6,6,6,6,5,6,6,5,5,6,5,6,7,5,6,5,5,6,7,6,6,6,6,5,5,6,7,7,5,4,6,6,5,5,5,6,5,5,5,5,,,,,,,,,,,,,,,,,,,,,,,,,,,,,,,,,,,,,,,,
7/31/2022 14:33:49,AGREE,Angel Farmers Gourmet Food Corporation,21 to 30 years old,Female,College Graduate,Region III: Central Luzon,Staff,,,,,,,,,,,,,,,,,,,,,,,,,,,,,,,,,,,,,,,,,,,,,,,,,,,7,5,6,6,6,6,6,6,5,6,5,7,7,6,6,6,6,6,6,6,6,6,6,6,6,6,6,6,6,6,7,6,6,7,6,7,7,7,7,7
08/03/2022 15:21,AGREE,Farmtec Foods Inc.,50 to 60 years old,Female,College Graduate,Region IV-A: Calabarzon,Management,5,5,5,5,5,6,5,5,5,5,5,7,5,5,6,5,5,4,4,3,4,7,6,4,5,5,3,7,6,6,3,4,4,4,3,4,4,5,3,3,4,5,5,5,5,5,4,5,5,5,,,,,,,,,,,,,,,,,,,,,,,,,,,,,,,,,,,,,,,,
08/03/2022 15:30,AGREE,Farmtec Foods Inc.,21 to 30 years old,Female,College Level,Region IV-A: Calabarzon,Staff,,,,,,,,,,,,,,,,,,,,,,,,,,,,,,,,,,,,,,,,,,,,,,,,,,,7,7,6,6,5,6,5,5,4,5,7,7,6,6,5,2,3,5,5,5,5,7,5,3,5,4,5,7,7,7,5,5,5,4,5,5,7,5,4,7
08/03/2022 15:30,AGREE,Farmtec Foods Inc.,41 to 50 years old,Female,College Graduate,Region IV-A: Calabarzon,Management,7,7,7,6,6,6,7,6,5,6,4,6,6,7,6,7,7,6,6,6,6,6,6,7,6,5,5,7,7,6,6,6,5,5,6,6,7,7,6,7,6,7,5,5,5,5,6,6,5,7,,,,,,,,,,,,,,,,,,,,,,,,,,,,,,,,,,,,,,,,
08/03/2022 15:31,AGREE,Farmtec Foods Inc.,41 to 50 years old,Female,College Graduate,Region IV-A: Calabarzon,Management,7,7,6,7,7,7,6,5,5,5,5,6,7,7,7,6,6,6,5,5,5,6,6,5,7,6,4,7,5,5,5,6,6,6,6,6,5,5,5,7,5,4,5,5,5,3,4,4,4,6,,,,,,,,,,,,,,,,,,,,,,,,,,,,,,,,,,,,,,,,
08/03/2022 15:36,AGREE,Farmtec Foods Inc.,31 to 40 years old,Male,College Level,Region IV-A: Calabarzon,Staff,,,,,,,,,,,,,,,,,,,,,,,,,,,,,,,,,,,,,,,,,,,,,,,,,,,6,5,6,6,5,6,5,5,6,6,6,6,3,6,6,5,5,6,6,6,6,6,6,6,6,6,5,6,6,6,6,6,6,5,6,5,5,6,6,2
08/03/2022 16:33,AGREE,Farmtec Foods Inc.,21 to 30 years old,Male,High School Graduate,Region IV-A: Calabarzon,Management,6,5,7,6,5,7,6,6,4,5,5,6,6,7,6,7,5,5,4,6,5,7,6,5,4,4,5,5,6,3,7,6,5,6,5,4,6,6,7,5,6,7,6,5,7,6,6,7,5,7,,,,,,,,,,,,,,,,,,,,,,,,,,,,,,,,,,,,,,,,
08/03/2022 16:34,AGREE,Farmtec Foods Inc.,21 to 30 years old,Male,College Level,Region IV-A: Calabarzon,Staff,,,,,,,,,,,,,,,,,,,,,,,,,,,,,,,,,,,,,,,,,,,,,,,,,,,6,6,6,6,6,6,6,6,6,6,6,6,7,6,7,6,7,6,6,7,6,7,6,6,7,6,6,7,6,6,6,6,6,6,7,5,6,7,7,6
08/03/2022 16:44,AGREE,Farmtec Foods Inc.,41 to 50 years old,Male,High School Graduate,Region IV-A: Calabarzon,Staff,,,,,,,,,,,,,,,,,,,,,,,,,,,,,,,,,,,,,,,,,,,,,,,,,,,7,6,7,6,6,7,7,6,6,7,6,7,7,7,6,6,6,6,6,7,7,7,7,7,7,6,7,7,7,6,7,7,6,6,7,6,6,7,7,7
08/03/2022 16:59,AGREE,Farmtec Foods Inc.,41 to 50 years old,Male,High School Graduate,Region IV-A: Calabarzon,Staff,,,,,,,,,,,,,,,,,,,,,,,,,,,,,,,,,,,,,,,,,,,,,,,,,,,7,7,7,7,7,7,7,6,7,7,7,7,7,7,7,7,7,7,7,7,7,7,7,7,7,7,7,7,7,7,7,7,7,7,7,7,7,7,7,4
08/03/2022 17:04,AGREE,Farmtec Foods Inc.,21 to 30 years old,Male,High School Graduate,Region IV-A: Calabarzon,Staff,,,,,,,,,,,,,,,,,,,,,,,,,,,,,,,,,,,,,,,,,,,,,,,,,,,5,5,5,5,5,5,5,5,5,5,5,5,5,5,5,5,5,5,5,5,5,5,5,7,5,5,5,5,5,5,5,5,5,7,5,7,5,5,5,5
08/03/2022 17:28,AGREE,Farmtec Foods Inc.,41 to 50 years old,Male,College Level,Region IV-A: Calabarzon,Staff,,,,,,,,,,,,,,,,,,,,,,,,,,,,,,,,,,,,,,,,,,,,,,,,,,,6,6,5,6,6,6,5,5,5,6,7,6,5,6,5,5,6,5,5,6,5,7,5,6,5,6,5,5,6,4,6,6,5,6,5,5,6,7,6,7
08/03/2022 17:32,AGREE,Farmtec Foods Inc.,21 to 30 years old,Male,High School Graduate,Region IV-A: Calabarzon,Staff,,,,,,,,,,,,,,,,,,,,,,,,,,,,,,,,,,,,,,,,,,,,,,,,,,,5,5,5,5,5,5,5,5,5,5,5,5,5,5,5,5,5,5,5,5,5,5,5,5,5,5,5,5,5,5,5,5,5,5,5,5,5,5,5,5
08/03/2022 17:36,AGREE,Farmtec Foods Inc.,21 to 30 years old,Male,High School Graduate,Region IV-A: Calabarzon,Staff,,,,,,,,,,,,,,,,,,,,,,,,,,,,,,,,,,,,,,,,,,,,,,,,,,,5,5,5,5,5,5,5,5,5,5,5,5,5,5,5,5,5,5,5,5,5,5,5,5,5,5,5,5,5,5,5,5,5,5,5,5,5,5,5,5
